source,target,critical_path_count,risk_score
7,10,21,0.5231897
6,7,17,0.5251141
1,10,13,0.5264455
2,9,11,0.52698165
5,8,10,0.5285216
3,6,8,0.52908677
9,10,8,0.5240868
8,9,8,0.52593726
7,8,7,0.5249274
0,1,7,0.52792513
